CONCEPT_ID,CONCEPT_SYNONYM_NAME,LANGUAGE_CONCEPT_ID
964261.0,"cyanocobalamin 5000 MCG/ML Injectable Solution",4180186.0
1322184.0,clopidogrel,4180186.0
441267.0,"Cystic fibrosis (disorder)",4180186.0
1718412.0,"Kyleena 17.5 MCG per 24 HR Intrauterine System",4180186.0
4336464.0,"Coronary artery bypass grafting",4180186.0
4102123.0,"Latex allergy",4180186.0
4237458.0,"Fracture of collar bone",4180186.0
4280726.0,"Spasmodic rhinorrhoea",4180186.0
4330583.0,"Vasectomy for contraception",4180186.0
3014576.0,"Chloride SerPl-sCnc",4180186.0
4242997.0,Cholecystectomy,4180186.0
3049273.0,"DXA Radius+Ulna T-score BMD",4180186.0
80809.0,"Rheumatoid arthritis",4180186.0
196456.0,"Gallbladder calculus (disorder)",4180186.0
4133840.0,Spirometry,4180186.0
40480160.0,"Pathological fracture due to osteoporosis (disorder)",4180186.0
3027970.0,"Calc; Calculation; Chemistry; GLB; Glob; Glob%; Globul; Globulins; Level; Mass concentration; Point in time; QNT; Quan; Quant; Quantitative; Random; Serum; SR",4180186.0
1519937.0,"Etonogestrel 68 MG Drug Implant",4180186.0
4151422.0,"Sputum examination (procedure)",4180186.0
4012477.0,"Glucose challenge test",4180186.0
4202451.0,"Percutaneous mechanical thrombectomy of portal vein using fluoroscopic guidance",4180186.0
1729720.0,phenoxymethylpenicillin,4180186.0
3006322.0,"Bdy temp; bod; Bodies; BODY TEMPERATURE.MOLEC; Oral; Point in time; QNT; Quan; Quant; Quantitative; Random; Temp; Temperature",4180186.0
19128263.0,"Trinessa 28 Day Pack",4180186.0
3023430.0,"Cat Dander IgE Qn",4180186.0
192671.0,"GI haemorrhage",4180186.0
3020655.0,"Honey bee IgE Qn",4180186.0
4295880.0,"Intramuscular injection",4180186.0
19075601.0,"clopidogrel 75 MG Oral Tablet",4180186.0
44782520.0,"Chronic paralysis due to lesion of spinal cord (disorder)",4180186.0
3019550.0,"Sodium [Moles/volume] in Serum or Plasma",4180186.0
40162522.0,"Acetaminophen 325 MG / Hydrocodone Bitartrate 7.5 MG Oral Tablet",4180186.0
40169281.0,"fluticasone propionate 250 MCG / salmeterol 50 MCG (salmeterol xinafoate 72.5 MCG) per ACTUAT Dry Powder Inhaler, 60 ACTUAT",4180186.0
42707627.0,"rocuronium bromide 10 MG/ML Injectable Solution",4180186.0
964261.0,"Vitamin B 12 5 MG/ML Injectable Solution",4180186.0
1326303.0,Digoxin,4180186.0
441267.0,"Fibrocystic disease",4180186.0
1718412.0,"Kyleena 19.5 MG Intrauterine System",4180186.0
4336464.0,"Coronary artery bypass graft operations",4180186.0
4302207.0,"Allergy to hay",4180186.0
920293.0,Nitrofurantoin,4180186.0
4280726.0,"Seasonal allergic rhinitis",4180186.0
4330583.0,"Vasectomy (procedure)",4180186.0
926487.0,Pancreatin,4180186.0
4242997.0,"Excision of gallbladder",4180186.0
4139681.0,"Allergy to dairy product",4180186.0
80809.0,"Rheumatoid disease",4180186.0
196456.0,Gallstones,4180186.0
4133840.0,"Spirometry (procedure)",4180186.0
40480160.0,"Pathological fracture due to osteoporosis",4180186.0
3027970.0,"Globulin [Mass/volume] in Serum by calculation",4180186.0
1521369.0,Norethindrone,4180186.0
19133873.0,"PCN V K+ 250 MG Oral Tablet",4180186.0
4012477.0,"OGTT - Oral glucose tolerance test",4180186.0
4202451.0,"Percutaneous mechanical thrombectomy of portal vein using fluoroscopic guidance (procedure)",4180186.0
1738521.0,Doxycycline,4180186.0
3006322.0,"Oral temp",4180186.0
35605482.0,"2 ML Ondansetron 2 MG/ML Injection",4180186.0
3016723.0,"Chemistry; CR; Crea; Creat; Level; Mass concentration; Pl; Plasma; Plsm; Point in time; QNT; Quan; Quant; Quantitative; Random; SerP; SerPl; SerPlas; Serum; Serum or plasma; SR",4180186.0
192671.0,"GI bleeding",4180186.0
4337138.0,"Transplant of lung",4180186.0
4295880.0,"Intramuscular injection (procedure)",4180186.0
19079524.0,"NaCl 9 MG/ML Injectable Solution",4180186.0
3010813.0,"#; ABS; absolute; absolutes; Blood; Cnt; Count; Count/volume; CT; HEMATOLOGY/CELL COUNTS; Leuc; Leuk; Leukocyte; Lkcs; Number concentration; Number Concentration (count/vol); Point in time; QNT; Quan; Quant; Quantitative; Random; WB; WBC; WBCs; White blood cell; White blood cells; Whole blood",4180186.0
3019550.0,"Sodium SerPl-sCnc",4180186.0
40162522.0,"APAP 325 MG / hydrocodone bitartrate 7.5 MG Oral Tablet",4180186.0
40163554.0,"Warfarin Sodium 5 MG Oral Tablet",4180186.0
42707627.0,"rocuronium bromide 50 MG per 5 ML Concentrate for Injectable Solution",4180186.0
1768849.0,Cefaclor,4180186.0
975125.0,Hydrocortisone,4180186.0
441267.0,"Cystic fibrosis",4180186.0
1718412.0,"Levonorgestrel 0.000729 MG/HR Intrauterine System [Kyleena]",4180186.0
4336464.0,"CAG - Coronary artery graft",4180186.0
4302207.0,"Allergy to grass pollen",4180186.0
920300.0,"nitrofurantoin 25 MG per 5 ML Oral Suspension",4180186.0
4280726.0,"Spasmodic rhinorrhea",4180186.0
4330583.0,Vasectomy,4180186.0
836654.0,Tacrine,4180186.0
4242997.0,"Cholecystectomy (procedure)",4180186.0
4139681.0,"Allergy to dairy product (disorder)",4180186.0
80809.0,"Proliferative arthritis",4180186.0
196456.0,"Gallbladder stones",4180186.0
4156265.0,"Facial laceration",4180186.0
3013721.0,"Aspartate aminotransferase [Enzymatic activity/volume] in Serum or Plasma",4180186.0
3027970.0,"Globulin Ser Calc-mCnc",4180186.0
1521369.0,norethisterone,4180186.0
19133873.0,"PCN V Pot 250 MG Oral Tablet",4180186.0
4012477.0,"Glucose tolerance test (procedure)",4180186.0
4197460.0,"Injection of epinephrine",4180186.0
372328.0,"Otitis media",4180186.0
3006322.0,"Oral temperature",4180186.0
35605482.0,"ondansetron 4 MG per 2 ML Injection",4180186.0
3016723.0,"Creatinine [Mass/volume] in Serum or Plasma",4180186.0
192671.0,"Gastrointestinal bleeding",4180186.0
4337138.0,"LTx - Lung transplant",4180186.0
4295880.0,"IMI - Intramuscular injection",4180186.0
19079524.0,"sodium chloride 0.9 % Injectable Solution",4180186.0
3010813.0,"Leukocytes [#/volume] in Blood",4180186.0
4035793.0,"Pulmonary rehabilitation",4180186.0
40236824.0,"Phenazopyridine hydrochloride 100 MG Oral Tablet",4180186.0
40165015.0,"Meperidine Hydrochloride 50 MG Oral Tablet",4180186.0
42902245.0,"{5 (Ethinyl Estradiol 0.02 MG / norethindrone acetate 1 MG Oral Tablet) / 7 (Ethinyl Estradiol 0.03 MG / norethindrone acetate 1 MG Oral Tablet) / 9 (Ethinyl Estradiol 0.035 MG / norethindrone acetate 1 MG Oral Tablet) / 7 (Ferrous fumarate 75 MG Oral Tablet) } Pack [Estrostep Fe 28 Day]",4180186.0
1778162.0,Cefuroxime,4180186.0
317009.0,"Hyperreactive airway disease",4180186.0
441267.0,Mucoviscidosis,4180186.0
1713332.0,Amoxicillin,4180186.0
4336464.0,"CABG - Coronary artery bypass graft",4180186.0
4302207.0,"Allergy to grass pollen (disorder)",4180186.0
920300.0,"Nitrofurantoin 5 MG/ML Oral Suspension",4180186.0
4181917.0,EEG,4180186.0
4330583.0,"Male surgical sterilisation procedure",4180186.0
836659.0,"Tacrine 10 MG Oral Capsule",4180186.0
4242997.0,"Gallbladder excision",4180186.0
4109685.0,"Laceration of foot",4180186.0
80809.0,"RA - Rheumatoid arthritis",4180186.0
196456.0,Gallstone,4180186.0
4156265.0,"Facial laceration (disorder)",4180186.0
3013721.0,"Asp; Aspartate amino transferase; Aspartate transaminase; Aspartic acid; AST; Catalytic Concentration; Chemistry; Glutamic oxaloacetic transaminase; Pl; Plasma; Plsm; Point in time; QNT; Quan; Quant; Quantitative; Random; SerP; SerPl; SerPlas; Serum; Serum or plasma; SGOT; SR",4180186.0
19059056.0,"ASA 81 MG Oral Tablet",4180186.0
433644.0,"Shellfish allergy (disorder)",4180186.0
19133873.0,"Penicillin V Potassium 250 MG Oral Tablet",4180186.0
19128065.0,"{7 (Inert Ingredients 1 MG Oral Tablet) / 21 (Mestranol 0.05 MG / Norethindrone 1 MG Oral Tablet) } Pack [Norinyl 1+50 28 Day]",4180186.0
4197460.0,"Injection of epinephrine (procedure)",4180186.0
372328.0,"Otitis media (disorder)",4180186.0
40479422.0,"Injury of medial collateral ligament of knee (disorder)",4180186.0
40479768.0,"Injury of anterior cruciate ligament",4180186.0
3016723.0,"Creat SerPl-mCnc",4180186.0
192671.0,"GIH - Gastrointestinal hemorrhage",4180186.0
4337138.0,"Transplant of lung (procedure)",4180186.0
4295880.0,"IM - Intramuscular injection",4180186.0
19079524.0,"sodium chloride 9 MG/ML Injectable Solution",4180186.0
3010813.0,"WBC # Bld",4180186.0
4035793.0,"Pulmonary rehabilitation (regime/therapy)",4180186.0
40228214.0,"cetirizine HCl 10 MG Oral Tablet",4180186.0
40758406.0,"AIDS; H+P; H+P.HX; History; Human immunodeficiency virus; Nominal; P prime; Point in time; Random",4180186.0
42902245.0,"Estrostep Fe 28 Day Pack",4180186.0
1124300.0,Diclofenac,4180186.0
317009.0,"Bronchial hyperresponsiveness",4180186.0
441267.0,"CF - Cystic fibrosis",4180186.0
1118084.0,celecoxib,4180186.0
4336464.0,"CBG - Coronary bypass graft",4180186.0
3001488.0,"ABS; Aby; Allergen; Allergens; ALLERGY TESTING; Antby; Anti; Antibodies; Antibody; Arbitrary concentration; Autoantibodies; Autoantibody; f002; f2; f43; Immune globulin E; Immunoglobulin E; Point in time; QNT; Quan; Quant; Quantitative; Random; Serum; SR",4180186.0
920334.0,"nitrofurantoin macrocrystals 50 MG Oral Capsule",4180186.0
4181917.0,"Electroencephalogram (procedure)",4180186.0
4329847.0,"MI - Myocardial infarction",4180186.0
836659.0,"tacrine 10 MG (tacrine hydrochloride 12.75 MG) Oral Capsule",4180186.0
4187458.0,"Review of systems",4180186.0
4109685.0,"Laceration of foot (disorder)",4180186.0
80809.0,"Rheumatic gout",4180186.0
196456.0,"Gallbladder calculus",4180186.0
4198190.0,"Excision of appendix (procedure)",4180186.0
3013721.0,"AST SerPl-cCnc",4180186.0
19059056.0,"Aspirin 81 MG Oral Tablet",4180186.0
433644.0,"Shellfish allergy",4180186.0
19133873.0,"PEN V K+ 250 MG Oral Tablet",4180186.0
19128065.0,"Norinyl 1+50 28 Day Pack",4180186.0
4197460.0,"Injection of adrenaline",4180186.0
372328.0,"OM - Otitis media",4180186.0
40479422.0,"Injury of medial collateral ligament of knee",4180186.0
40479768.0,"Injury of anterior cruciate ligament (disorder)",4180186.0
3006451.0,"ABS; Aby; Allergen; Allergens; ALLERGY TESTING; Antby; Anti; Antibodies; Antibody; Arbitrary concentration; Autoantibodies; Autoantibody; f256; Immune globulin E; Immunoglobulin E; Juglans sp; Point in time; QNT; Quan; Quant; Quantitative; Random; Serum; SR; Walnut; Walnuts",4180186.0
255848.0,"Pneumonia (disorder)",4180186.0
40236446.0,"Methylphenidate Hydrochloride 20 MG Oral Tablet",4180186.0
4155034.0,"Laceration of forearm (disorder)",4180186.0
19079524.0,"Sodium Chloride 9 MG/ML Injectable Solution",4180186.0
134438.0,"Contact eczema",4180186.0
4037675.0,"Brief general examination",4180186.0
40228214.0,"cetirizine hydrochloride 10 MG Oral Tablet",4180186.0
40758406.0,"HIV status",4180186.0
44783196.0,"Surgical manipulation of joint of knee (procedure)",4180186.0
1347450.0,alteplase,4180186.0
317009.0,"Asthma (disorder)",4180186.0
441267.0,CF,4180186.0
1119510.0,Dextromethorphan,4180186.0
4336464.0,"Coronary artery bypass graft",4180186.0
3001488.0,"Cow milk IgE Ab [Units/volume] in Serum",4180186.0
920334.0,"NITROFURANTOIN, MACROCRYSTALS 50 MG Oral Capsule",4180186.0
4181917.0,Electroencephalogram,4180186.0
4329847.0,"Myocardial infarct",4180186.0
3004501.0,"Chemistry; Glu; Gluc; Glucoseur; Level; Mass concentration; Pl; Plasma; Plsm; Point in time; QNT; Quan; Quant; Quantitative; Random; SerP; SerPl; SerPlas; Serum; Serum or plasma; SR",4180186.0
4187458.0,"Review of systems (procedure)",4180186.0
4285898.0,"Polyp of colon (disorder)",4180186.0
80809.0,"RhA - Rheumatoid arthritis",4180186.0
196456.0,Cholecystolithiasis,4180186.0
4198190.0,Appendectomy,4180186.0
1361711.0,"glyceryl trinitrate",4180186.0
4168004.0,"Burn injury (morphologic abnormality)",4180186.0
723013.0,Diazepam,4180186.0
19133873.0,"PEN V Pot 250 MG Oral Tablet",4180186.0
19112599.0,"Chlorpheniramine Maleate 2 MG/ML Oral Solution",4180186.0
257012.0,"Chronic rhinosinusitis",4180186.0
433125.0,"Infection due to Staphylococcus aureus",4180186.0
40478878.0,"Screen for 20 common genetic mutations of cystic fibrosis using amplification refractory mutation system polymerase chain reaction assay technique",4180186.0
40223768.0,"Donepezil hydrochloride 10 MG Oral Tablet",4180186.0
3006451.0,"Walnut IgE Ab [Units/volume] in Serum",4180186.0
255848.0,Pneumonia,4180186.0
40169216.0,"120 ACTUAT Fluticasone propionate 0.044 MG/ACTUAT Metered Dose Inhaler",4180186.0
4155034.0,"Laceration of forearm",4180186.0
19129144.0,"{28 (Norethindrone 0.35 MG Oral Tablet) } Pack [Jolivette 28 Day]",4180186.0
134438.0,"Dermatitis venenata",4180186.0
4037675.0,"Brief general examination (procedure)",4180186.0
40228230.0,"cetirizine hydrochloride 5 MG Oral Tablet",4180186.0
40769179.0,"Area affected by eczema Head+Neck PhenX",4180186.0
44783196.0,"Surgical manipulation of joint of knee",4180186.0
1124957.0,Oxycodone,4180186.0
317009.0,"Bronchial hypersensitivity",4180186.0
4059978.0,"Insertion of subcutaneous contraceptive (procedure)",4180186.0
1153428.0,fexofenadine,4180186.0
4166224.0,"Perforated appendix",4180186.0
3001488.0,"Cow Milk IgE Qn",4180186.0
260139.0,"Acute bronchitis",4180186.0
4181917.0,Electroencephalography,4180186.0
4329847.0,"Myocardial infarction",4180186.0
3004501.0,"Glucose [Mass/volume] in Serum or Plasma",4180186.0
4202832.0,Intubation,4180186.0
4285898.0,"Polyp colon",4180186.0
80809.0,"Chronic rheumatic arthritis",4180186.0
196456.0,"GS - Gallstone",4180186.0
4198190.0,"Excision of appendix",4180186.0
1361711.0,Nitroglycerin,4180186.0
4168004.0,"Burn injury",4180186.0
753626.0,Propofol,4180186.0
4243062.0,"X-ray of wrist",4180186.0
19112599.0,"chlorpheniramine maleate 2 MG per 1 ML Oral Solution",4180186.0
257012.0,"Chronic sinusitis (disorder)",4180186.0
433125.0,"Infection caused by Staphylococcus aureus (disorder)",4180186.0
40478878.0,"Cystic fibrosis 20 common mutation test",4180186.0
40223774.0,"Donepezil hydrochloride 23 MG [Aricept]",4180186.0
3006451.0,"Walnut IgE Qn",4180186.0
4001336.0,"Commotio cerebri",4180186.0
40169216.0,"fluticasone propionate 0.044 MG/ACTUAT Metered Dose Inhaler, 120 ACTUAT",4180186.0
4170947.0,"Bone immobilisation",4180186.0
19129144.0,"Jolivette 28 Day Pack",4180186.0
134438.0,"Contact dermatitis",4180186.0
4043071.0,"Cognitive and behavioral therapy (regime/therapy)",4180186.0
40229134.0,"Acetaminophen 21.7 MG/ML / Dextromethorphan Hydrobromide 1 MG/ML / doxylamine succinate 0.417 MG/ML Oral Solution",4180186.0
40769179.0,"Brain; Count/time; Cranial; Cranium; Intracranial; nRate; Number rate; Number Rate = Count/Time; Point in time; QNT; Quan; Quant; Quantitative; Random; Skull",4180186.0
46275916.0,"1 ML Epinephrine 1 MG/ML Injection",4180186.0
1125315.0,Acetaminophen,4180186.0
317009.0,"BHR - Bronchial hyperreactivity",4180186.0
4059978.0,"Insertion of subcutaneous contraceptive",4180186.0
1154029.0,Fentanyl,4180186.0
4166224.0,"Rupture of appendix",4180186.0
3036780.0,"ABS; Aby; Allergen; Allergens; ALLERGY TESTING; American house dust mite; Antby; Anti; Antibodies; Antibody; Arbitrary concentration; Autoantibodies; Autoantibody; D farinae; d002; d2; Dermatophagoides farianae; HDM; House dust mite; Immune globulin E; Immunoglobulin E; Point in time; QNT; Quan; Quant; Quantitative; Random; Serum; SR",4180186.0
260139.0,"Acute bronchitis (disorder)",4180186.0
4181917.0,"EEG - Electroencephalography",4180186.0
4329847.0,"Myocardial infarction (disorder)",4180186.0
3004501.0,"Glucose SerPl-mCnc",4180186.0
4202832.0,"Intubation (procedure)",4180186.0
4285898.0,"Polyp of colon",4180186.0
80809.0,"Atrophic arthritis",4180186.0
321042.0,"Cardiac arrest",4180186.0
4198190.0,Appendicectomy,4180186.0
1501700.0,levothyroxine,4180186.0
4168004.0,"Burn - lesion",4180186.0
701322.0,Memantine,4180186.0
4243062.0,"Radiography of wrist (procedure)",4180186.0
19003953.0,Rocuronium,4180186.0
257012.0,"Chronic sinusitis",4180186.0
433125.0,"Staphylococcus aureus infection",4180186.0
40478878.0,"Screen for 20 common genetic mutations of cystic fibrosis using amplification refractory mutation system polymerase chain reaction assay technique (procedure)",4180186.0
40223821.0,"Fexofenadine hydrochloride 30 MG Oral Tablet",4180186.0
1557272.0,Alendronate,4180186.0
4001336.0,"MTBI - Mild traumatic brain injury",4180186.0
45766064.0,"History of one seizure ever",4180186.0
4170947.0,"Bone immobilization (procedure)",4180186.0
19076374.0,"Diazepam 5 MG/ML Injectable Solution",4180186.0
134438.0,"CD - Contact dermatitis",4180186.0
4043071.0,"Cognitive and behavioral therapy",4180186.0
40229134.0,"acetaminophen 325 MG / dextromethorphan HBr 15 MG / doxylamine succinate 6.25 MG per 15 ML Oral Solution",4180186.0
40769179.0,"Percentage area affected by eczema Head and Neck [PhenX]",4180186.0
46275916.0,"epinephrine 1 MG per 1 ML Injection",4180186.0
1125443.0,"Dornase Alfa",4180186.0
317009.0,"Bronchial hyperreactivity",4180186.0
3013682.0,"Blood urea nitrogen; BUN; Chemistry; Level; Mass concentration; N; N2; Nit; Pl; Plasma; Plsm; Point in time; QNT; Quan; Quant; Quantitative; Random; SerP; SerPl; SerPlas; Serum; Serum or plasma; SR; UN",4180186.0
1154343.0,Albuterol,4180186.0
4166224.0,"Rupture of appendix (disorder)",4180186.0
3036780.0,"American house dust mite IgE Ab [Units/volume] in Serum",4180186.0
261325.0,"Emphysema of lung",4180186.0
4108705.0,"Intravenous blood transfusion of packed cells",4180186.0
4329847.0,"Heart attack",4180186.0
3005136.0,"ABS; Aby; Allergen; Allergens; ALLERGY TESTING; Antby; Anti; Antibodies; Antibody; Arbitrary concentration; Autoantibodies; Autoantibody; C herbarum; Hormodendrum; Immune globulin E; Immunoglobulin E; m002; m2; Point in time; QNT; Quan; Quant; Quantitative; Random; Serum; SR",4180186.0
21494966.0,"Abd; Abdo; Abdomen+; Abdominal; Exam; Examination; Finding; Findings; H+P; H+P.PX; Nominal; P prime; Phys find; Point in time; Random",4180186.0
4285898.0,"Colonic polyp",4180186.0
30753.0,"Esophagitis (disorder)",4180186.0
321042.0,"Cardiac arrest (disorder)",4180186.0
4134304.0,"Fracture subluxation of wrist (disorder)",4180186.0
1137529.0,salmeterol,4180186.0
4168004.0,Burn,4180186.0
705944.0,Methylphenidate,4180186.0
4243062.0,"Radiography of wrist",4180186.0
19123231.0,"atomoxetine 100 MG (as atomoxetine HCl) Oral Capsule",4180186.0
258780.0,"Obstructive chronic bronchitis",4180186.0
433125.0,"Infection caused by Staphylococcus aureus",4180186.0
19078219.0,Sufentanil,4180186.0
757627.0,Galantamine,4180186.0
1713671.0,"Amoxicillin 250 MG / Clavulanate 125 MG Oral Tablet",4180186.0
4001336.0,"Concussion injury of brain (disorder)",4180186.0
45766064.0,"History of single seizure (situation)",4180186.0
4170947.0,"Bone immobilization",4180186.0
19077344.0,"ferrous sulfate 324 MG (iron 65 MG) Oral Tablet",4180186.0
134438.0,"Contact dermatitis (disorder)",4180186.0
4043071.0,"Cognitive and behavioural therapy",4180186.0
40229134.0,"acetaminophen 650 MG / dextromethorphan HBr 30 MG / doxylamine succinate 12.5 MG per 30 ML Oral Solution",4180186.0
40769184.0,"Area affected by eczema UE-Bl PhenX",4180186.0
1125443.0,"dornase alfa (desoxyribonuclease)",4180186.0
317009.0,Asthma,4180186.0
3013682.0,"BUN SerPl-mCnc",4180186.0
1154615.0,"200 ACTUAT Albuterol 0.09 MG/ACTUAT Metered Dose Inhaler",4180186.0
4166224.0,"Appendicitis with perforation",4180186.0
3036780.0,"D farinae IgE Qn",4180186.0
261325.0,"Pulmonary emphysema (disorder)",4180186.0
4108705.0,"Intravenous blood transfusion of packed cells (procedure)",4180186.0
4329847.0,"Infarction of heart",4180186.0
3005136.0,"C herbarum IgE Qn",4180186.0
21494966.0,"Phys find Abd by Palpation",4180186.0
3011505.0,"Breathing; End tidal volume; Exp; FEV; FEV1; FEV1%; FEV1/FVC; Forced expiratory volume in 1 second; FVC; Lungs; Point in time; PULMONARY; QNT; Quan; Quant; Quantitative; Random; RS; S prime; VC; Vet; Vol; Vol exp; Volume ratio",4180186.0
30753.0,Oesophagitis,4180186.0
1177480.0,Ibuprofen,4180186.0
4134304.0,"Fracture subluxation of wrist",4180186.0
1396131.0,"ferrous sulfate",4180186.0
1503184.0,Mestranol,4180186.0
4058899.0,"Clavicle X-ray",4180186.0
4275113.0,"Fitting of coil",4180186.0
19123231.0,"atomoxetine 100 MG Oral Capsule",4180186.0
258780.0,"Bronchitis with airway obstruction",4180186.0
133834.0,"AD - Atopic dermatitis",4180186.0
19074679.0,"Carbamazepine 20 MG/ML Oral Suspension [Tegretol]",4180186.0
440448.0,"Appendicitis (disorder)",4180186.0
1713671.0,"amoxicillin (as amoxicillin trihydrate) 250 MG / clavulanic acid (as clavulanate potassium) 125 MG Oral Tablet",4180186.0
4001336.0,"Concussion injury of brain",4180186.0
45766064.0,"History of single seizure",4180186.0
4169137.0,"Allergy to wheat (disorder)",4180186.0
19077344.0,"ferrous sulfate 325 MG (iron 65 MG) Oral Tablet",4180186.0
3014599.0,"ABS; Aby; Allergen; Allergens; ALLERGY TESTING; Antby; Anti; Antibodies; Antibody; Arbitrary concentration; Autoantibodies; Autoantibody; f001; f1; Immune globulin E; Immunoglobulin E; Point in time; QNT; Quan; Quant; Quantitative; Random; Serum; SR",4180186.0
40213180.0,"meningococcal MCV4P",4180186.0
40229134.0,"APAP 21.7 MG/ML / Dextromethorphan Hydrobromide 1 MG/ML / doxylamine succinate 0.417 MG/ML Oral Solution",4180186.0
40769184.0,"Arm; Bil; Bilat; Both; Count/time; EXT; Extr-Bl; nRate; Number rate; Number Rate = Count/Time; Point in time; QNT; Quan; Quant; Quantitative; Random; UE; UE-Bl; Up",4180186.0
1149196.0,Cetirizine,4180186.0
317009.0,"Bronchial asthma",4180186.0
3013682.0,"Urea nitrogen [Mass/volume] in Serum or Plasma",4180186.0
4219399.0,"Allergy to fish (disorder)",4180186.0
4166224.0,"Perforation of appendix",4180186.0
3008598.0,"Chemistry; FR; FreeT4; FT4; Level; Levothyroxine; Levo-thyroxine; L-thyroxine; Mass concentration; Non-protein bound; Pl; Plasma; Plsm; Point in time; QNT; Quan; Quant; Quantitative; Random; SerP; SerPl; SerPlas; Serum; Serum or plasma; SR; T4; T-4; T4 Free; thyroid hormone; Thyrox; Thyroxin; Thyrx; Total T4; TT4",4180186.0
261325.0,"Pulmonary emphysema",4180186.0
4015189.0,"Microbial culture of sputum",4180186.0
4329847.0,"Cardiac infarction",4180186.0
3005136.0,"Cladosporium herbarum IgE Ab [Units/volume] in Serum",4180186.0
21494966.0,"Physical findings of Abdomen by Palpation",4180186.0
3011505.0,FEV1/FVC,4180186.0
30753.0,Esophagitis,4180186.0
1192710.0,Chlorpheniramine,4180186.0
40243436.0,"1 ML Atropine Sulfate 1 MG/ML Injection",4180186.0
1000560.0,Ondansetron,4180186.0
1539403.0,Simvastatin,4180186.0
4058899.0,"Plain X-ray of clavicle",4180186.0
4275113.0,"Introduction of intrauterine contraceptive device",4180186.0
19127890.0,"Inert Ingredients",4180186.0
258780.0,"Chronic bronchitis with emphysema",4180186.0
133834.0,"Allergic dermatitis",4180186.0
19074679.0,"Tegretol 100 MG per 5 ML Oral Suspension",4180186.0
440448.0,Appendicitis,4180186.0
1717327.0,Ampicillin,4180186.0
4001336.0,"Brain concussion",4180186.0
46275444.0,"Piperacillin 4000 MG / tazobactam 500 MG Injection",4180186.0
4169137.0,"Allergy to wheat",4180186.0
19077344.0,"ferrous sulfate 325 MG Oral Tablet",4180186.0
3014599.0,"Egg white IgE Ab [Units/volume] in Serum",4180186.0
40213180.0,"meningococcal polysaccharide (groups A, C, Y and W-135) diphtheria toxoid conjugate vaccine (MCV4P)",4180186.0
40213299.0,"hepatitis A vaccine, pediatric/adolescent dosage, 2 dose schedule",4180186.0
40769184.0,"Percentage area affected by eczema Upper extremity - bilateral [PhenX]",4180186.0
1149380.0,fluticasone,4180186.0
317009.0,Asthmatic,4180186.0
4066995.0,"Fracture of vertebral column with spinal cord injury",4180186.0
4219399.0,"Allergy to fish",4180186.0
4314290.0,"Chloride measurement, sweat",4180186.0
3008598.0,"T4 Free SerPl-mCnc",4180186.0
4234705.0,"Evaluation of psychiatric state of patient",4180186.0
4015189.0,"Microbial culture of sputum (procedure)",4180186.0
19045231.0,"Pancreatin 4X 600 MG Oral Tablet",4180186.0
4059173.0,"Fracture of ankle (disorder)",4180186.0
4283893.0,"Sinusitis (disorder)",4180186.0
4048169.0,"Allergy to house dust mite",4180186.0
378001.0,"Concussion with no loss of consciousness",4180186.0
78272.0,"Sprain of wrist",4180186.0
40243436.0,"atropine sulfate 1 MG per 1 ML Injection",4180186.0
1127078.0,"Acetaminophen 160 MG Oral Tablet",4180186.0
1539411.0,"Simvastatin 20 MG Oral Tablet",4180186.0
4058899.0,"Plain X-ray of clavicle (procedure)",4180186.0
4275113.0,"Insertion of intrauterine contraceptive device (procedure)",4180186.0
19127904.0,"{24 (drospirenone 3 MG / Ethinyl Estradiol 0.02 MG Oral Tablet) / 4 (Inert Ingredients 1 MG Oral Tablet) } Pack [Yaz 28 Day]",4180186.0
258780.0,"Chronic obstructive bronchitis",4180186.0
133834.0,"Disseminated neurodermatitis",4180186.0
19074679.0,"Tegretol 20 MG/ML Oral Suspension",4180186.0
440086.0,"Child attention deficit disorder",4180186.0
1728416.0,benzylpenicillin,4180186.0
4001336.0,"Mild traumatic brain injury",4180186.0
46275444.0,"piperacillin / tazobactam 4.5 GM Injection",4180186.0
4163951.0,EKG,4180186.0
19077344.0,"FESO4 325 MG Oral Tablet",4180186.0
3014599.0,"Egg White IgE Qn",4180186.0
40213198.0,"Pneumococcal conjugate PCV 13",4180186.0
40213306.0,"Hep B, adult",4180186.0
40769189.0,"Area affected by eczema Trunk PhenX",4180186.0
1150770.0,Astemizole,4180186.0
317009.0,"Airway hyperreactivity",4180186.0
4066995.0,"Fracture of vertebral column with spinal cord injury (disorder)",4180186.0
4216130.0,"Percutaneous coronary intervention",4180186.0
4314290.0,"Cystic fibrosis sweat test (procedure)",4180186.0
3008598.0,"Thyroxine (T4) free [Mass/volume] in Serum or Plasma",4180186.0
4234705.0,"Evaluation of psychiatric state of patient (procedure)",4180186.0
4078793.0,"Electrical cardioversion",4180186.0
19045231.0,"Pancreatin 600 MG Oral Tablet [Pancreatin 4X]",4180186.0
4059173.0,"Fracture of ankle",4180186.0
4283893.0,Sinusitis,4180186.0
4048169.0,"Allergy to house dust mite (disorder)",4180186.0
378001.0,"Concussion with no loss of consciousness (disorder)",4180186.0
78272.0,"Sprain of wrist joint",4180186.0
40481087.0,"Viral sinusitis (disorder)",4180186.0
1127078.0,"APAP 160 MG Oral Tablet",4180186.0
1545958.0,atorvastatin,4180186.0
3026361.0,"#; ABS; absolute; absolutes; Blood; Cnt; Count; Count/volume; CT; Discocytes; Erthrocyte; Erythrocyte; HEMATOLOGY/CELL COUNTS; Number concentration; Number Concentration (count/vol); Point in time; QNT; Quan; Quant; Quantitative; Random; RBC; RBCS; Red blood cell; Red blood cells; Red blood corpuscle; Red blood corpusles; Red cell; Red cells; WB; Whole blood",4180186.0
4275113.0,"Insertion of IUD",4180186.0
19127904.0,"Yaz 28 Day Pack",4180186.0
258780.0,"Emphysematous bronchitis",4180186.0
133834.0,"Allergic eczema",4180186.0
19074841.0,"12 HR Cefaclor 500 MG Extended Release Oral Tablet",4180186.0
440086.0,"Child attention deficit disorder (disorder)",4180186.0
1728416.0,"Penicillin G",4180186.0
4029498.0,"Seizure disorder",4180186.0
4174876.0,"Allergy to bee venom (disorder)",4180186.0
4163951.0,"Electrocardiographic procedure",4180186.0
19077572.0,"galantamine 4 MG (as galantamine hydrobromide 5.126 MG) Oral Tablet",4180186.0
3024561.0,"Alb; Chemistry; Level; Mass concentration; Pl; Plasma; Plsm; Point in time; Protein.albumin; QNT; Quan; Quant; Quantitative; Random; SerP; SerPl; SerPlas; Serum; Serum or plasma; SR",4180186.0
40213198.0,"pneumococcal conjugate vaccine, 13 valent",4180186.0
40213306.0,"hepatitis B vaccine, adult dosage",4180186.0
40769189.0,"Count/time; nRate; Number rate; Number Rate = Count/Time; Point in time; QNT; Quan; Quant; Quantitative; Random",4180186.0
1150771.0,"Astemizole 10 MG Oral Tablet",4180186.0
317576.0,"Arteriosclerotic heart disease",4180186.0
3024731.0,"Average; Avg; Discocyte; Entitic volume; Erc; Erythrocytes; HEMATOLOGY/CELL COUNTS; MCV; Point in time; QNT; Quan; Quant; Quantitative; Random; RBC; Red blood cell; Red blood cells; Red blood corpuscle; Red blood corpusles; Red cell; Red cells; Vol",4180186.0
4216130.0,"Percutaneous coronary intervention (procedure)",4180186.0
4314290.0,"Sweat chloride level",4180186.0
3006906.0,"Ca; Cal; Chemistry; Level; Mass concentration; Pl; Plasma; Plsm; Point in time; QNT; Quan; Quant; Quantitative; Random; SerP; SerPl; SerPlas; Serum; Serum or plasma; SR",4180186.0
4094814.0,"Bullet wound",4180186.0
4078793.0,"Direct current cardioversion (procedure)",4180186.0
4323902.0,"Lung volume reduction surgery (procedure)",4180186.0
4059173.0,"Fracture of distal end of tibia and fibula",4180186.0
4337611.0,"SLTx - Single lung transplant",4180186.0
4048169.0,"House dust mite allergy",4180186.0
378419.0,"Alzheimer dementia",4180186.0
78272.0,"Wrist sprain",4180186.0
40481087.0,"Viral sinusitis",4180186.0
1127433.0,"Acetaminophen 325 MG Oral Tablet",4180186.0
1545959.0,"atorvastatin 80 MG Oral Tablet",4180186.0
3026361.0,"Erythrocytes [#/volume] in Blood",4180186.0
4275113.0,"Insertion of intrauterine device",4180186.0
4195803.0,"Bone density scan",4180186.0
258780.0,"COB - Chronic obstructive bronchitis",4180186.0
133834.0,"Atopic dermatitis",4180186.0
19074841.0,"cefaclor 500 MG 12 HR Extended Release Oral Tablet",4180186.0
439777.0,Anaemia,4180186.0
1332418.0,Amlodipine,4180186.0
4029498.0,"Seizure disorder (disorder)",4180186.0
4174876.0,"Allergy to bee venom",4180186.0
4163951.0,Electrocardiogram,4180186.0
19077572.0,"Galantamine 4 MG Oral Tablet",4180186.0
3024561.0,"Albumin [Mass/volume] in Serum or Plasma",4180186.0
40213201.0,"pneumococcal polysaccharide PPV23",4180186.0
40213314.0,"Haemophilus influenzae type b vaccine, PRP-OMP conjugate",4180186.0
40769189.0,"Percentage area affected by eczema Trunk [PhenX]",4180186.0
1150836.0,Terfenadine,4180186.0
317576.0,"Coronary arteriosclerosis",4180186.0
3024731.0,"MCV [Entitic volume]",4180186.0
4216130.0,"PCI - Percutaneous coronary intervention",4180186.0
4314290.0,"Cystic fibrosis sweat test",4180186.0
3006906.0,"Calcium [Mass/volume] in Serum or Plasma",4180186.0
4094814.0,"Bullet wound (disorder)",4180186.0
4078793.0,"Direct current cardioversion",4180186.0
4323902.0,"Lung volume reduction surgery",4180186.0
4059173.0,"Ankle fracture",4180186.0
4337611.0,"Single lung transplant",4180186.0
4048171.0,"Perennial allergic rhinitis with seasonal variation",4180186.0
378419.0,"AD - Alzheimer's disease",4180186.0
78272.0,"Sprain of wrist (disorder)",4180186.0
40231925.0,"Acetaminophen 325 MG / Oxycodone Hydrochloride 5 MG Oral Tablet",4180186.0
1127433.0,"APAP 325 MG Oral Tablet",4180186.0
1545959.0,"atorvastatin (as atorvastatin calcium) 80 MG Oral Tablet",4180186.0
3026361.0,"RBC # Bld",4180186.0
4275113.0,"IUD - Fitting of intrauterine device",4180186.0
4195803.0,"Bone density scan (procedure)",4180186.0
258780.0,"Chronic obstructive bronchitis (disorder)",4180186.0
133834.0,"Atopic dermatitis (disorder)",4180186.0
19074843.0,"Cefaclor 250 MG Oral Capsule",4180186.0
439777.0,Anemia,4180186.0
1332419.0,"Amlodipine 5 MG Oral Tablet",4180186.0
19129655.0,"Ampicillin 100 MG/ML Injectable Solution",4180186.0
4116491.0,"Escherichia coli urinary tract infection",4180186.0
4163951.0,"Electrocardiographic procedure (procedure)",4180186.0
40766240.0,"Are you covered by health insurance or some other kind of health care plan [PhenX]",4180186.0
3024561.0,"Albumin SerPl-mCnc",4180186.0
40213201.0,"pneumococcal polysaccharide vaccine, 23 valent",4180186.0
40213314.0,"Hib (PRP-OMP)",4180186.0
40769194.0,"Area affected by eczema LE-Bl PhenX",4180186.0
1150837.0,"Terfenadine 60 MG Oral Tablet",4180186.0
317576.0,"Coronary sclerosis",4180186.0
3024731.0,"MCV RBC",4180186.0
4230209.0,"Psychiatric follow-up (procedure)",4180186.0
4314290.0,"Sweat chloride",4180186.0
3006906.0,"Calcium SerPl-mCnc",4180186.0
4024289.0,"Radiography of ankle",4180186.0
19002770.0,desflurane,4180186.0
4324181.0,"History of cardiac arrest",4180186.0
3012494.0,"ABS; Aby; Allergen; Allergens; ALLERGY TESTING; Antby; Anti; Antibodies; Antibody; Arbitrary concentration; Autoantibodies; Autoantibody; f013; f13; Immune globulin E; Immunoglobulin E; Peanut; Point in time; QNT; Quan; Quant; Quantitative; Random; Serum; SR",4180186.0
4337611.0,"Single lung transplant (procedure)",4180186.0
4048171.0,"Perennial allergic rhinitis with seasonal variation (disorder)",4180186.0
378419.0,"Alzheimer disease",4180186.0
257012.0,"Chronic infection of sinus",4180186.0
40231925.0,"APAP 325 MG / oxycodone hydrochloride 5 MG Oral Tablet",4180186.0
1589505.0,Levonorgestrel,4180186.0
1548195.0,Estradiol,4180186.0
4084167.0,"Acute allergic reaction (disorder)",4180186.0
4275113.0,"Fitting of intrauterine device",4180186.0
4199276.0,"Removal of subcutaneous contraceptive (procedure)",4180186.0
140673.0,Hypothyroid,4180186.0
375671.0,"Concussion with loss of consciousness",4180186.0
19075001.0,"Cefuroxime 250 MG Oral Tablet",4180186.0
439777.0,"Absolute anaemia",4180186.0
1332419.0,"amlodipine (as amlodipine besylate) 5 MG Oral Tablet",4180186.0
19129655.0,"ampicillin (as ampicillin sodium) 100 MG/ML Injectable Solution",4180186.0
4116491.0,"Escherichia coli urinary tract infection (disorder)",4180186.0
4163971.0,"Laparoscopic cholecystectomy (procedure)",4180186.0
40766240.0,"Finding; Findings; Health insurance coverage; Ordinal; Othr; Point in time; QL; Qual; Qualitative; Random; Screen",4180186.0
1343916.0,Epinephrine,4180186.0
40213216.0,"rotavirus, live, monovalent vaccine",4180186.0
40213320.0,"HPV, quadrivalent",4180186.0
40769194.0,"Bil; Bilat; Both; Count/time; EXT; Extr-Bl; LE; LE-Bl; Leg; Low; nRate; Number rate; Number Rate = Count/Time; Point in time; QNT; Quan; Quant; Quantitative; Random",4180186.0
1305058.0,Methotrexate,4180186.0
317576.0,"CHD - Coronary heart disease",4180186.0
3015076.0,"ABS; Aby; Allergen; Allergens; ALLERGY TESTING; Antby; Anti; Antibodies; Antibody; Arbitrary concentration; Autoantibodies; Autoantibody; f014; f14; Gly; Immune globulin E; Immunoglobulin E; Largest; Maximal; Maximum; Peak; Point in time; QNT; Quan; Quant; Quantitative; Random; Serum; Soja hispida; Soy bean; Soya bean; Soyabean; Soybean; SR",4180186.0
4230209.0,"Psychiatric follow-up",4180186.0
4145310.0,"Pelvis X-ray (procedure)",4180186.0
3009542.0,"Blood; Hct; HEMATOLOGY/CELL COUNTS; PCV; Percent; Point in time; QNT; Quan; Quant; Quantitative; Random; Volfr; Volume fraction; WB; Whole blood",4180186.0
4024289.0,"Radiography of ankle (procedure)",4180186.0
19006318.0,"PCN G 375 MG/ML Injectable Solution",4180186.0
4324181.0,"History of cardiac arrest (situation)",4180186.0
3012494.0,"Peanut IgE Ab [Units/volume] in Serum",4180186.0
4218389.0,"Whiplash injury",4180186.0
1307863.0,Verapamil,4180186.0
378419.0,"Alzheimer's disease (disorder)",4180186.0
80502.0,"OP - Osteoporosis",4180186.0
40232448.0,"Diphenhydramine Hydrochloride 25 MG Oral Tablet",4180186.0
708298.0,Midazolam,4180186.0
3028833.0,"Bili; Bilirubins; Blood; Chemistry; Level; Mass concentration; Point in time; QNT; Quan; Quant; Quantitative; Random; TBIL; WB; Whole blood",4180186.0
4084167.0,"Acute allergic reaction",4180186.0
4275113.0,"Insertion of intrauterine contraceptive device",4180186.0
4199276.0,"Removal of subcutaneous contraceptive",4180186.0
140673.0,Hypothyroidism,4180186.0
133834.0,"Atopic eczema",4180186.0
19075001.0,"cefuroxime (as cefuroxime axetil) 250 MG Oral Tablet",4180186.0
439777.0,"Absolute anemia",4180186.0
1594382.0,"epinephrine (generic for Adrenaclick) 0.3 MG per 0.3 ML Auto-Injector",4180186.0
19127918.0,"{21 (Ethinyl Estradiol 0.03 MG / Levonorgestrel 0.15 MG Oral Tablet) / 7 (Inert Ingredients 1 MG Oral Tablet) } Pack [Levora 0.15/30 28 Day]",4180186.0
4304110.0,"Allergy to mildew",4180186.0
4163971.0,"Endoscopic cholecystectomy",4180186.0
40766240.0,"Health insurance coverage",4180186.0
1595799.0,"Ferrous fumarate",4180186.0
40220960.0,"alteplase 100 MG Injection",4180186.0
40213320.0,"human papilloma virus vaccine, quadrivalent",4180186.0
40769194.0,"Percentage area affected by eczema Lower extremity - bilateral [PhenX]",4180186.0
1309944.0,Amiodarone,4180186.0
317576.0,"CAD - Coronary artery disease",4180186.0
3015076.0,"Soybean IgE Ab [Units/volume] in Serum",4180186.0
4230399.0,"Closed fracture of hip",4180186.0
4145310.0,"Pelvis X-ray",4180186.0
3009542.0,"Hct VFr Bld",4180186.0
4024289.0,"Ankle X-ray",4180186.0
19006318.0,"PEN G 375 MG/ML Injectable Solution",4180186.0
4326177.0,"Medication Reconciliation (procedure)",4180186.0
3012494.0,"Peanut IgE Qn",4180186.0
4218389.0,"Whiplash injury to neck",4180186.0
1308738.0,cyanocobalamin,4180186.0
378419.0,"Alzheimer's disease",4180186.0
80502.0,Osteoporosis,4180186.0
40220386.0,"100 ML Propofol 10 MG/ML Injection",4180186.0
715997.0,donepezil,4180186.0
3028833.0,"Bilirub Bld-mCnc",4180186.0
4043241.0,"Familial Alzheimer's disease of early onset",4180186.0
4275113.0,"IUCD - Fitting of intrauterine contraceptive device",4180186.0
4278672.0,"Forearm fracture",4180186.0
140673.0,"Hypothyroidism (disorder)",4180186.0
375671.0,"Concussion with loss of consciousness (disorder)",4180186.0
37017711.0,"Allergy to soy",4180186.0
439777.0,"Anemia (disorder)",4180186.0
1594382.0,"NDA020800 0.3 ML Epinephrine 1 MG/ML Auto-Injector",4180186.0
19127918.0,"Levora 0.15/30 28 Day Pack",4180186.0
4304110.0,"Allergy to mould",4180186.0
4163971.0,"Laparoscopic cholecystectomy",4180186.0
40213154.0,"Influenza, seasonal, injectable, preservative free",4180186.0
791967.0,Lorazepam,4180186.0
4149245.0,"Rupture of patellar tendon (disorder)",4180186.0
46221626.0,"Levonorgestrel 0.000813 MG/HR Intrauterine System [Liletta]",4180186.0
40492359.0,"Insertion of biventricular implantable cardioverter defibrillator (procedure)",4180186.0
1107830.0,Loratadine,4180186.0
317576.0,"Coronary heart disease",4180186.0
3015076.0,"Soybean IgE Qn",4180186.0
4230399.0,"Closed fracture of hip (disorder)",4180186.0
4062501.0,"Asthma screening",4180186.0
3009542.0,"Hematocrit [Volume Fraction] of Blood",4180186.0
3023103.0,"Chemistry; k; K+; Level; Pl; Plasma; Plsm; Point in time; Potass; QNT; Quan; Quant; Quantitative; Random; SerP; SerPl; SerPlas; Serum; Serum or plasma; SR; Substance concentration",4180186.0
19006318.0,"Penicillin G 375 MG/ML Injectable Solution",4180186.0
4326177.0,"Medication Reconciliation",4180186.0
9201.0,"Inpatient Visit",4180186.0
4218389.0,"Acceleration-deceleration injury of neck",4180186.0
1308738.0,"Vitamin B 12",4180186.0
80809.0,"Rheumatoid arthritis (disorder)",4180186.0
80502.0,"Osteoporosis (disorder)",4180186.0
40220386.0,"propofol 1000 MG per 100 ML Injection",4180186.0
0.0,"No matching concept",4180186.0
3028833.0,"Bilirubin.total [Mass/volume] in Blood",4180186.0
4043241.0,"Familial Alzheimer's disease of early onset (disorder)",4180186.0
4052083.0,"Pulmonary function test",4180186.0
4278672.0,"Fracture of forearm (disorder)",4180186.0
80180.0,"OA - Osteoarthrosis",4180186.0
4057420.0,"Catheter ablation of tissue of heart",4180186.0
37017711.0,"Allergy to soy (disorder)",4180186.0
313217.0,"AF - Atrial fibrillation",4180186.0
3019406.0,"ABS; Aby; Allergen; Allergens; ALLERGY TESTING; Antby; Anti; Antibodies; Antibody; Arbitrary concentration; Autoantibodies; Autoantibody; Hevea braziliensis; Immune globulin E; Immunoglobulin E; k082; k82; Ltx; Point in time; QNT; Quan; Quant; Quantitative; Random; Serum; SR",4180186.0
19127922.0,"{28 (Norethindrone 0.35 MG Oral Tablet) } Pack [Camila 28 Day]",4180186.0
4304110.0,"Allergy to mold",4180186.0
40213260.0,zoster,4180186.0
40213160.0,IPV,4180186.0
1549786.0,"Ethinyl Estradiol",4180186.0
4149245.0,"Patellar tendon rupture",4180186.0
46221626.0,"Liletta 0.000813 MG/HR Intrauterine System",4180186.0
40492359.0,"Insertion of biventricular implantable cardioverter defibrillator",4180186.0
1107882.0,"loratadine 10 MG 24 HR Oral Tablet",4180186.0
439406.0,"Animal dander allergy",4180186.0
3000876.0,"ABS; Aby; Allergen; Allergens; ALLERGY TESTING; Antby; Anti; Antibodies; Antibody; Arbitrary concentration; Autoantibodies; Autoantibody; Cod; Codfish; f003; f3; Fish; Immune globulin E; Immunoglobulin E; Point in time; QNT; Quan; Quant; Quantitative; Random; Scrod; Serum; SR",4180186.0
4027663.0,"PU - Peptic ulcer",4180186.0
4062501.0,"Asthma screening (procedure)",4180186.0
3009201.0,"Arbitrary concentration; Chemistry; Pl; Plasma; Plsm; Point in time; QNT; Quan; Quant; Quantitative; Random; SerP; SerPl; SerPlas; Serum; Serum or plasma; SR; Thyroid stimulating hormone; Thyrotropic hormone; TSH",4180186.0
3023103.0,"Potassium [Moles/volume] in Serum or Plasma",4180186.0
4252419.0,"Radiologic examination of knee",4180186.0
4191853.0,"Allergy screening test",4180186.0
9202.0,"Outpatient Visit",4180186.0
4218389.0,"Whiplash injury to neck (disorder)",4180186.0
198199.0,Pyelonephritis,4180186.0
81151.0,"Sprain of ankle",4180186.0
4132546.0,"Traumatic brain injury (disorder)",4180186.0
40222846.0,"memantine HCl 2 MG per 1 ML Oral Solution",4180186.0
3027231.0,"ABS; Aby; Allergen; Allergens; ALLERGY TESTING; Antby; Anti; Antibodies; Antibody; Arbitrary concentration; Autoantibodies; Autoantibody; f004; f4; Immune globulin E; Immunoglobulin E; Point in time; QNT; Quan; Quant; Quantitative; Random; Serum; SR; Triticum sativum; Wheat",4180186.0
19023398.0,"sevoflurane 1000 MG/ML Inhalant Solution",4180186.0
4043241.0,"Familial Alzheimer disease of early onset",4180186.0
4052083.0,"Measurement of respiratory function (procedure)",4180186.0
4278672.0,"Fracture of forearm",4180186.0
317576.0,"Coronary artery disease",4180186.0
4057420.0,"Catheter ablation of tissue of heart (procedure)",4180186.0
37017711.0,"Allergy to soya",4180186.0
313217.0,"Atrial fibrillation",4180186.0
3019406.0,"Latex IgE Ab [Units/volume] in Serum",4180186.0
19127922.0,"Camila 28 Day Pack",4180186.0
4304110.0,"Allergy to mold (disorder)",4180186.0
40213260.0,"zoster vaccine, live",4180186.0
40213160.0,"poliovirus vaccine, inactivated",4180186.0
1551099.0,Prednisone,4180186.0
4149245.0,"Rupture of patellar tendon",4180186.0
46221626.0,"Liletta 52 MG Intrauterine System",4180186.0
40486433.0,"Perennial allergic rhinitis (disorder)",4180186.0
1107882.0,"Loratadine 10 MG Oral Tablet",4180186.0
439406.0,"Dander allergy",4180186.0
3000876.0,"Codfish IgE Ab [Units/volume] in Serum",4180186.0
4027663.0,"Peptic ulcer disease",4180186.0
4144583.0,"Diabetes mellitus due to cystic fibrosis (disorder)",4180186.0
3009201.0,"Thyrotropin [Units/volume] in Serum or Plasma",4180186.0
3023103.0,"Potassium SerPl-sCnc",4180186.0
4252419.0,"Knee X-ray",4180186.0
4191853.0,"Allergy screening test (procedure)",4180186.0
9203.0,"Emergency Room Visit",4180186.0
4218408.0,"Taking blood sample",4180186.0
198199.0,"Pyelonephritis (disorder)",4180186.0
81151.0,"Sprain of ankle (disorder)",4180186.0
4132546.0,"Traumatic brain injury",4180186.0
40222846.0,"Memantine hydrochloride 2 MG/ML Oral Solution",4180186.0
3027231.0,"Wheat IgE Ab [Units/volume] in Serum",4180186.0
19023398.0,"sevoflurane 100 % Inhalant Solution",4180186.0
3007461.0,"#; ABS; absolute; absolutes; Blood; Cnt; Count; Count/volume; CT; HEMATOLOGY/CELL COUNTS; Number concentration; Number Concentration (count/vol); Platelet; Platelet count; Platelt; Plt; Point in time; QNT; Quan; Quant; Quantitative; Random; Thrb; Thrombocyte; Thrombocytes; WB; Whole blood",4180186.0
4052083.0,"RFT Respiratory function test",4180186.0
4125906.0,"Suture open wound",4180186.0
317576.0,"Coronary arteriosclerosis (disorder)",4180186.0
4048695.0,"Fracture of vertebral column without spinal cord injury (disorder)",4180186.0
19126352.0,"Nitroglycerin 0.4 MG/ACTUAT Mucosal Spray",4180186.0
313217.0,"Atrial fibrillation (disorder)",4180186.0
3019406.0,"Ltx IgE Qn",4180186.0
19019979.0,"Ibuprofen 100 MG Oral Tablet",4180186.0
4323208.0,"History of appendectomy",4180186.0
40213281.0,DTaP,4180186.0
45892894.0,"24 HR Donepezil hydrochloride 10 MG / Memantine hydrochloride 28 MG Extended Release Oral Capsule",4180186.0
1551192.0,"Prednisone 5 MG Oral Tablet",4180186.0
19125062.0,"Loratadine 5 MG Chewable Tablet",4180186.0
44805732.0,"Reinsertion of subcutaneous contraceptive",4180186.0
40486433.0,"Perennial allergic rhinitis",4180186.0
1110410.0,Morphine,4180186.0
439406.0,"Allergy to animal dander (disorder)",4180186.0
3000876.0,"Codfish IgE Qn",4180186.0
4027663.0,"Peptic ulceration",4180186.0
4144583.0,"Diabetes mellitus due to cystic fibrosis",4180186.0
3009201.0,"TSH SerPl-aCnc",4180186.0
19073183.0,"Amoxicillin 250 MG Oral Capsule",4180186.0
4252419.0,"Radiologic examination of knee (procedure)",4180186.0
19007333.0,"Methotrexate 10 MG Oral Tablet",4180186.0
4266809.0,"Diverticular disease (disorder)",4180186.0
4218408.0,"Blood draw",4180186.0
198809.0,"Acute cholecystitis (disorder)",4180186.0
81151.0,"Ankle sprain",4180186.0
4163872.0,"Chest x-ray",4180186.0
40221415.0,"{5 (dienogest 2 MG / estradiol valerate 2 MG Oral Tablet) / 17 (dienogest 3 MG / estradiol valerate 2 MG Oral Tablet) / 2 (estradiol valerate 1 MG Oral Tablet) / 2 (estradiol valerate 3 MG Oral Tablet) / 2 (Inert Ingredients 1 MG Oral Tablet) } Pack [Natazia 28 Day]",4180186.0
3027231.0,"Wheat IgE Qn",4180186.0
19023423.0,"desflurane 990 MG/ML Inhalant Solution",4180186.0
3007461.0,"Platelet # Bld",4180186.0
4052083.0,"Measurement of respiratory function",4180186.0
4125906.0,"Suture open wound (procedure)",4180186.0
381316.0,"Cerebrovascular accident",4180186.0
4048695.0,"Fracture of vertebral column without spinal cord injury",4180186.0
19126352.0,"nitroglycerin 400 MCG/ACTUAT Mucosal Spray",4180186.0
914335.0,Atropine,4180186.0
192671.0,"GIT - Gastrointestinal tract haemorrhage",4180186.0
19018935.0,"Digoxin 0.125 MG Oral Tablet",4180186.0
4323208.0,"History of appendicectomy",4180186.0
40213281.0,"diphtheria, tetanus toxoids and acellular pertussis vaccine",4180186.0
45892894.0,"donepezil hydrochloride 10 MG / memantine hydrochloride 28 MG 24 HR Extended Release Oral Capsule",4180186.0
1174888.0,Hydrocodone,4180186.0
19078461.0,"ibuprofen 200 MG (as ibuprofen sodium 256 MG) Oral Tablet",4180186.0
44816277.0,"168 HR Ethinyl Estradiol 0.00146 MG/HR / norelgestromin 0.00625 MG/HR Transdermal System",4180186.0
40486433.0,"Nonseasonal allergic rhinitis",4180186.0
1112807.0,"acetylsalicylic acid",4180186.0
439406.0,"Allergy to animal dander",4180186.0
3001247.0,"A artemisiifolia; A elatior; ABS; Aby; Allergen; Allergens; ALLERGY TESTING; Ambrosia artemisiifolia; Antby; Anti; Antibodies; Antibody; Arbitrary concentration; Autoantibodies; Autoantibody; Common ragweed; Immune globulin E; Immunoglobulin E; Point in time; QNT; Quan; Quant; Quantitative; Random; Serum; Short ragweed; SR; w001; w1",4180186.0
4027663.0,"Peptic ulcer",4180186.0
4299128.0,"Third degree burn (disorder)",4180186.0
3035995.0,"Alkaline phosphatase [Enzymatic activity/volume] in Serum or Plasma",4180186.0
19073188.0,"Amoxicillin 500 MG Oral Tablet",4180186.0
4186930.0,"Change of coil",4180186.0
19016749.0,remifentanil,4180186.0
4266809.0,"Diverticular disease",4180186.0
4218408.0,"Collection of blood specimen for laboratory",4180186.0
198809.0,"Acute cholecystitis",4180186.0
81151.0,"Sprain of ligament of ankle joint",4180186.0
4163872.0,"Plain chest X-ray",4180186.0
40221415.0,"Natazia 28 Day Pack",4180186.0
1512674.0,drospirenone,4180186.0
19023423.0,"desflurane 99 % Inhalant Solution",4180186.0
3007461.0,"Platelets [#/volume] in Blood",4180186.0
4052083.0,"PFT - Pulmonary function tests",4180186.0
19133905.0,"PCN V K+ 500 MG Oral Tablet",4180186.0
381316.0,Stroke,4180186.0
4047491.0,"Radiography of humerus (procedure)",4180186.0
19126352.0,"nitroglycerin 400 MCG/ACTUAT Oral Spray",4180186.0
967823.0,"Sodium Chloride",4180186.0
192671.0,"Gastrointestinal hemorrhage",4180186.0
19018935.0,"digoxin 125 MCG Oral Tablet",4180186.0
4323208.0,"History of appendectomy (situation)",4180186.0
40213296.0,"Hep A, adult",4180186.0
45769019.0,"Female infertility due to cystic fibrosis (disorder)",4180186.0
782043.0,Isoflurane,4180186.0
19078461.0,"Ibuprofen 200 MG Oral Tablet",4180186.0
44816277.0,"ethinyl estradiol 35 MCG / norelgestromin 150 MCG per 24HR 7 Day Transdermal Patch",4180186.0
42535580.0,"Ultrasonography of abdomen, right upper quadrant and epigastrium",4180186.0
1112807.0,Aspirin,4180186.0
1741122.0,tazobactam,4180186.0
3001247.0,"Common Ragweed IgE Ab [Units/volume] in Serum",4180186.0
4027663.0,"Gastroduodenal ulcer",4180186.0
4299128.0,"Third degree burn",4180186.0
3035995.0,"Alk; Alk phos; Alkaline phos; Alkaline phosphatase.total; ALKP; ALP; AP; Catalytic Concentration; Chemistry; Phos; Phosphtase; Pl; Plasma; Plsm; Point in time; QNT; Quan; Quant; Quantitative; Random; SerP; SerPl; SerPlas; Serum; Serum or plasma; SR",4180186.0
4238715.0,"Removing coil",4180186.0
4186930.0,"IUCD - Change of intrauterine contraceptive device",4180186.0
19008572.0,"Hydrocortisone 10 MG/ML Topical Cream",4180186.0
4266809.0,"DD - Diverticular disease",4180186.0
4218408.0,"Blood withdrawal for testing",4180186.0
80180.0,Osteoarthrosis,4180186.0
81151.0,"Sprain of ankle joint",4180186.0
4163872.0,"Plain chest X-ray (procedure)",4180186.0
40224132.0,"0.65 ML medroxyprogesterone acetate 160 MG/ML Prefilled Syringe",4180186.0
1515774.0,norgestimate,4180186.0
19029476.0,"Dornase Alfa 1 MG/ML Inhalant Solution [Pulmozyme]",4180186.0
4296204.0,"First degree burn (disorder)",4180186.0
4052083.0,"Lung function tests",4180186.0
19133905.0,"PCN V Pot 500 MG Oral Tablet",4180186.0
381316.0,"CVA - Cerebrovascular accident",4180186.0
4047491.0,"Radiography of humerus",4180186.0
19126352.0,"nitroglycerin 400 MCG/ACTUAT Sublingual Spray",4180186.0
28060.0,"Streptococcal sore throat (disorder)",4180186.0
192671.0,"Gastrointestinal haemorrhage",4180186.0
4112343.0,"Acute viral pharyngitis",4180186.0
19054876.0,dienogest,4180186.0
40213296.0,"hepatitis A vaccine, adult dosage",4180186.0
45769019.0,"Female infertility due to cystic fibrosis",4180186.0
782047.0,"isoflurane 99.9 % Inhalant Solution",4180186.0
19132304.0,"Levonorgestrel 0.000833 MG/HR Intrauterine System [Mirena]",4180186.0
44816277.0,"norelgestromin 150 MCG / ethinyl estradiol 35 MCG/Day Weekly Transdermal System",4180186.0
42535580.0,"Ultrasound of abdomen, right upper quadrant and epigastrium",4180186.0
1310034.0,"3 ML Amiodarone hydrochloride 50 MG/ML Prefilled Syringe",4180186.0
1746114.0,Piperacillin,4180186.0
3001247.0,"Common Ragweed IgE Qn",4180186.0
4027663.0,"PUD - Peptic ulcer disease",4180186.0
4301346.0,"Surgical manipulation of shoulder joint (procedure)",4180186.0
3035995.0,"ALP SerPl-cCnc",4180186.0
4238715.0,"Intrauterine contraceptive device removed",4180186.0
4186930.0,"Change of intrauterine contraceptive device",4180186.0
19008572.0,"hydrocortisone 1 % (as hydrocortisone acetate 1.2 % ) Topical Cream",4180186.0
4152936.0,"Laceration of thigh (disorder)",4180186.0
4218408.0,"Blood sampling",4180186.0
80180.0,Osteoarthritis,4180186.0
81893.0,"Colitis gravis",4180186.0
4163872.0,"Radiologic examination of chest",4180186.0
40224132.0,"medroxyprogesterone acetate 104 MG per 0.65 ML Prefilled Syringe",4180186.0
1102527.0,Meperidine,4180186.0
19029476.0,"Pulmozyme 1 MG/ML Inhalant Solution",4180186.0
4296204.0,"First degree burn",4180186.0
4052083.0,PFT,4180186.0
19133905.0,"Penicillin V Potassium 500 MG Oral Tablet",4180186.0
381316.0,"Cerebrovascular accident (disorder)",4180186.0
4047491.0,"Upper arm X-ray",4180186.0
19126352.0,"NTG 0.4 MG/ACTUAT Mucosal Spray",4180186.0
28060.0,"Strep throat",4180186.0
192671.0,"Gastrointestinal hemorrhage (disorder)",4180186.0
4112343.0,"Acute viral pharyngitis (disorder)",4180186.0
4107731.0,"Subcutaneous immunotherapy (procedure)",4180186.0
40213299.0,"Hep A, ped/adol, 2 dose",4180186.0
45769019.0,"Female hypofertility due to cystic fibrosis",4180186.0
782047.0,"Isoflurane 999 MG/ML Inhalant Solution",4180186.0
19132304.0,"Mirena 0.000833 MG/HR Intrauterine System",4180186.0
40223834.0,"Fexofenadine hydrochloride 60 MG Oral Tablet",4180186.0
42535580.0,"Ultrasound scan of abdomen, right upper quadrant and epigastrium",4180186.0
1310034.0,"amiodarone hydrochloride 150 MG per 3 ML Prefilled Syringe",4180186.0
438614.0,"Allergy to nut",4180186.0
3000963.0,"Blood; Haemoglobin; Hb; HEMATOLOGY/CELL COUNTS; Hgb; Level; Mass concentration; Point in time; QNT; Quan; Quant; Quantitative; Random; WB; Whole blood",4180186.0
4027663.0,"Peptic ulcer (disorder)",4180186.0
4301346.0,"Manipulation of shoulder joint under anesthetic",4180186.0
933724.0,Phenazopyridine,4180186.0
4238715.0,"Removal of intrauterine device (procedure)",4180186.0
4186930.0,"IUD - Change of intrauterine device",4180186.0
19008572.0,"hydrocortisone 1 GM per 100 GM Topical Cream",4180186.0
4152936.0,"Laceration of thigh",4180186.0
4218408.0,"Collection of blood specimen for laboratory (procedure)",4180186.0
80180.0,"Hypertrophic polyarthritis",4180186.0
81893.0,"Ulcerative colitis",4180186.0
4163872.0,"Chest exclusion X-ray",4180186.0
40213216.0,"rotavirus, monovalent",4180186.0
1102527.0,pethidine,4180186.0
19057271.0,"Lorazepam 2 MG/ML Injectable Solution",4180186.0
4296205.0,"Second degree burn (disorder)",4180186.0
4246502.0,"Neonatal screening",4180186.0
19133905.0,"PEN V K+ 500 MG Oral Tablet",4180186.0
380378.0,"Epilepsy (disorder)",4180186.0
4047491.0,"X-ray of humerus",4180186.0
19126352.0,"TNG 0.4 MG/ACTUAT Mucosal Spray",4180186.0
28060.0,"Streptococcal angina",4180186.0
192671.0,"GI hemorrhage",4180186.0
4113008.0,"Laceration of hand (disorder)",4180186.0
4107731.0,"Subcutaneous immunotherapy",4180186.0
4035415.0,"Torn meniscus",4180186.0
45769019.0,"Female hypofertility in classical cystic fibrosis",4180186.0
3021226.0,"ABS; Aby; Allergen; Allergens; ALLERGY TESTING; Antby; Anti; Antibodies; Antibody; Arbitrary concentration; Autoantibodies; Autoantibody; f024; f24; Immune globulin E; Immunoglobulin E; Point in time; Prawns; QNT; Quan; Quant; Quantitative; Random; Serum; Shrimp; SR",4180186.0
19132304.0,"Mirena 20 MCG per 24HR Intrauterine System",4180186.0
40173590.0,"alendronic acid 10 MG (as alendronate sodium 13.1 MG) Oral Tablet",4180186.0
42535580.0,"Ultrasonography of abdomen, right upper quadrant and epigastrium (procedure)",4180186.0
1310149.0,Warfarin,4180186.0
438614.0,"Allergy to nut (disorder)",4180186.0
3000963.0,"Hemoglobin [Mass/volume] in Blood",4180186.0
4051466.0,"Childhood asthma (disorder)",4180186.0
4301346.0,"Manipulation of shoulder joint under anaesthetic",4180186.0
4056621.0,"Recurrent UTI - urinary tract infection",4180186.0
4238715.0,"Removal of coil",4180186.0
4186930.0,"Replacement of contraceptive intrauterine device",4180186.0
19008572.0,"hydrocortisone 1 % Topical Cream",4180186.0
3045716.0,"Ag; AnGAP; Chemistry; Level; Pl; Plasma; Plsm; Point in time; QNT; Quan; Quant; Quantitative; Random; SerP; SerPl; SerPlas; Serum; Serum or plasma; SR; Substance concentration",4180186.0
4146173.0,"Injury of tendon of the rotator cuff of shoulder (disorder)",4180186.0
80180.0,"Hypertrophic arthritis",4180186.0
81893.0,"Ulcerative colitis (disorder)",4180186.0
4163872.0,"Radiography of chest",4180186.0
40213227.0,"Td (adult) preservative free",4180186.0
738818.0,Doxylamine,4180186.0
1154615.0,"albuterol 0.09 MG/ACTUAT 200 ACTUAT Metered Dose Inhaler",4180186.0
4296205.0,"Second degree burn",4180186.0
4246502.0,"Neonatal screening test",4180186.0
19133905.0,"PEN V Pot 500 MG Oral Tablet",4180186.0
380378.0,"Epileptic disorder",4180186.0
3015632.0,"Carbon dioxide, total [Moles/volume] in Serum or Plasma",4180186.0
19115351.0,"Diazepam 5 MG [Valium]",4180186.0
28060.0,"Strept throat",4180186.0
192671.0,"GI - Gastrointestinal bleed",4180186.0
4113008.0,"Laceration of hand",4180186.0
4293740.0,"Injection of tetanus antitoxin",4180186.0
4035415.0,"Tear of meniscus of knee (disorder)",4180186.0
46233710.0,"Doxycycline Monohydrate 100 MG Oral Tablet",4180186.0
3021226.0,"Shrimp IgE Ab [Units/volume] in Serum",4180186.0
19132304.0,"Mirena 52 MG Intrauterine System",4180186.0
40173590.0,"Alendronic acid 10 MG Oral Tablet",4180186.0
43012754.0,"Levonorgestrel 0.00354 MG/HR Drug Implant",4180186.0
1367571.0,heparin,4180186.0
438614.0,"Nut allergy",4180186.0
3000963.0,"Hgb Bld-mCnc",4180186.0
4051466.0,"Childhood asthma",4180186.0
4301346.0,"Surgical manipulation of shoulder joint",4180186.0
4056621.0,"Recurrent urinary tract infection (disorder)",4180186.0
4238715.0,"Removal of intrauterine device",4180186.0
4186930.0,"Replacement of intrauterine contraceptive device",4180186.0
19010482.0,Cyclosporine,4180186.0
3045716.0,"Anion gap in Serum or Plasma",4180186.0
4146173.0,"Injury of tendon of the rotator cuff of shoulder",4180186.0
80180.0,"OA - Osteoarthritis",4180186.0
81893.0,"Idiopathic proctocolitis",4180186.0
4163872.0,"Chest X-ray",4180186.0
40213227.0,"tetanus and diphtheria toxoids, adsorbed, preservative free, for adult use",4180186.0
740275.0,Carbamazepine,4180186.0
1154615.0,"albuterol 90 MCG/ACTUAT (albuterol sulfate 108 MCG/ACTUAT from mouthpiece) 200 ACTUAT Metered Dose Inhaler",4180186.0
4306014.0,"Allergy to tree pollen (disorder)",4180186.0
4246502.0,"Neonatal screening (procedure)",4180186.0
19134077.0,"cyclosporine, modified 100 MG [Neoral]",4180186.0
380378.0,"EP - Epilepsy",4180186.0
3015632.0,"Carbonic anhydride; cCO2; Chemistry; CO2; CO2 TOTAL; CO2CT; ctCO2; Level; Pl; Plasma; Plsm; Point in time; QNT; Quan; Quant; Quantitative; Random; SerP; SerPl; SerPlas; Serum; Serum or plasma; SR; Substance concentration; tCO2",4180186.0
19128009.0,"{7 (Ethinyl Estradiol 0.01 MG Oral Tablet) / 84 (Ethinyl Estradiol 0.03 MG / Levonorgestrel 0.15 MG Oral Tablet) } Pack [Seasonique]",4180186.0
28060.0,"Streptococcal sore throat",4180186.0
192671.0,"GIH - Gastrointestinal haemorrhage",4180186.0
3020630.0,"Chemistry; Level; Mass concentration; Pl; Plasma; Plsm; Point in time; PR; Prot; QNT; Quan; Quant; Quantitative; Random; SerP; SerPl; SerPlas; Serum; Serum or plasma; SR",4180186.0
4293740.0,"Injection of tetanus antitoxin (procedure)",4180186.0
4035415.0,"Tear of cartilage of knee",4180186.0
46233988.0,"Doxycycline Monohydrate 50 MG Oral Tablet",4180186.0
3021226.0,"Shrimp IgE Qn",4180186.0
35605858.0,"1 ML Morphine Sulfate 5 MG/ML Injection",4180186.0
40171902.0,"Verapamil hydrochloride 40 MG",4180186.0
43012754.0,"levonorgestrel 36 MG Subcutaneous Drug Implant",4180186.0
1115008.0,Naproxen,4180186.0
442116.0,"Allergy to eggs (disorder)",4180186.0
3002385.0,"Discocyte; Erc; Erythrocyte morphology index; Erythrocytes; HEMATOLOGY/CELL COUNTS; Point in time; QNT; Quan; Quant; Quantitative; Random; Ratios; RBC; RCMI; RDW; RDW-CV; Red blood cell; Red blood cells; Red blood corpuscle; Red blood corpusles; Red cell; Red cells; Rto",4180186.0
3051031.0,"History of Hospitalizations+Outpatient visits Narrative",4180186.0
4142905.0,"Fracture of rib",4180186.0
4056621.0,"Recurrent urinary tract infection",4180186.0
4238715.0,"IUD - Removal of intrauterine device",4180186.0
4186930.0,"Replacement of IUD",4180186.0
4294548.0,"Acute bacterial sinusitis",4180186.0
3045716.0,"Anion Gap SerPl-sCnc",4180186.0
4117038.0,"Bilateral tubal ligation (procedure)",4180186.0
80180.0,"Degenerative joint disease",4180186.0
81893.0,"UC - Ulcerative colitis",4180186.0
4163872.0,"CXR - Chest X-ray",4180186.0
40213230.0,Tdap,4180186.0
742185.0,atomoxetine,4180186.0
1154615.0,"albuterol 90 MCG/ACTUAT Metered Dose Inhaler, 200 ACTUAT",4180186.0
4306014.0,"Allergy to tree pollen",4180186.0
4010253.0,"Nasal sinus endoscopy",4180186.0
19133679.0,"{28 (Norethindrone 0.35 MG Oral Tablet) } Pack [Errin 28 Day]",4180186.0
380378.0,Epilepsy,4180186.0
3015632.0,"CO2 SerPl-sCnc",4180186.0
19128009.0,"Seasonique 91 Day Pack",4180186.0
28060.0,"Septic sore throat",4180186.0
192671.0,"Gastrointestinal bleed",4180186.0
3020630.0,"Protein [Mass/volume] in Serum or Plasma",4180186.0
4310024.0,"Angiodysplasia of stomach (disorder)",4180186.0
4035415.0,"Tear of meniscus of knee",4180186.0
46235214.0,"CLIN; Nominal; Point in time; Random; Sex orient; Typ",4180186.0
19019273.0,"Naproxen 500 MG Oral Tablet",4180186.0
35605858.0,"1 ML MS 5 MG/ML Injection",4180186.0
40174880.0,"Levothyroxine Sodium 0.075 MG Oral Tablet",4180186.0
43012036.0,"Chlorpheniramine Maleate 4 MG Oral Tablet",4180186.0
1115171.0,"naproxen sodium 220 MG (as naproxen 200 MG) Oral Tablet",4180186.0
442116.0,"Allergy to eggs",4180186.0
3002385.0,"Erythrocyte distribution width [Ratio]",4180186.0
3051031.0,"H+P; H+P.HX; History; Hospitalizations+OP visits; Narrative; OP; Outpt visits; P prime; Point in time; Random; Report",4180186.0
4142905.0,"Rib fracture",4180186.0
4237458.0,"Collar bone fracture",4180186.0
4238715.0,"Removal of intrauterine contraceptive device",4180186.0
4186930.0,"Replacement of contraceptive intrauterine device (procedure)",4180186.0
4294548.0,"Acute bacterial sinusitis (disorder)",4180186.0
19059528.0,Alfentanil,4180186.0
4117038.0,"Bilateral tubal ligation",4180186.0
80180.0,"Degenerative arthritis",4180186.0
195588.0,"Cystitis (disorder)",4180186.0
4163874.0,"History of myocardial infarction (situation)",4180186.0
40213230.0,"tetanus toxoid, reduced diphtheria toxoid, and acellular pertussis vaccine, adsorbed",4180186.0
3006734.0,"ABS; Aby; Allergen; Allergens; ALLERGY TESTING; Antby; Anti; Antibodies; Antibody; Arbitrary concentration; Autoantibodies; Autoantibody; Immune globulin E; Immunoglobulin E; Oak; Point in time; QNT; Quan; Quant; Quantitative; Random; Serum; SR; t007; t7; White oak",4180186.0
1129625.0,Diphenhydramine,4180186.0
4024958.0,"Throat culture",4180186.0
4010253.0,"Nasal sinus endoscopy (procedure)",4180186.0
19133679.0,"Errin 28 Day Pack",4180186.0
380378.0,Epileptic,4180186.0
3006923.0,"Ala; Alanine transaminase; ALAT; Alpha alanine; ALT; Catalytic Concentration; Chemistry; Glutamic-pyruvic transferase; L-alanine; Pl; Plasma; Plsm; Point in time; QNT; Quan; Quant; Quantitative; Random; SerP; SerPl; SerPlas; Serum; Serum or plasma; SGPT; SR",4180186.0
19128022.0,"{7 (Ethinyl Estradiol 0.035 MG / norgestimate 0.18 MG Oral Tablet) / 7 (Ethinyl Estradiol 0.035 MG / norgestimate 0.215 MG Oral Tablet) / 7 (Ethinyl Estradiol 0.035 MG / norgestimate 0.25 MG Oral Tablet) / 7 (Inert Ingredients 1 MG Oral Tablet) } Pack [Ortho Tri-Cyclen 28 Day]",4180186.0
28060.0,"Streptococcal pharyngitis",4180186.0
192671.0,"GI - Gastrointestinal hemorrhage",4180186.0
3020630.0,"Prot SerPl-mCnc",4180186.0
4310024.0,"Angiodysplasia of stomach",4180186.0
19089061.0,"Prednisone 2.5 MG [Deltasone]",4180186.0
46235214.0,"Sexual orientation",4180186.0
4240902.0,"Allergy to peanuts (disorder)",4180186.0
35605858.0,"morphine sulfate 5 MG per 1 ML Injection",4180186.0
40174880.0,"levothyroxine sodium 75 MCG Oral Tablet",4180186.0
43012433.0,"21 DAY Ethinyl Estradiol 0.000625 MG/HR / Etonogestrel 0.005 MG/HR Vaginal Ring [NuvaRing]",4180186.0
1115171.0,"Naproxen sodium 220 MG Oral Tablet",4180186.0
443279.0,"Attempted suicide - cut/stab",4180186.0
3002385.0,"RDW RBC-Rto",4180186.0
3051031.0,"Hx of Hospitalizations+OP visits",4180186.0
4142905.0,"Fracture of rib (disorder)",4180186.0
4237458.0,"Fracture of clavicle",4180186.0
4238715.0,"IUCD -Removal of intrauterine contraceptive device",4180186.0
4330583.0,"Contraceptive method vasectomy",4180186.0
3014576.0,"Chemistry; Cl; Cl-; Level; Pl; Plasma; Plsm; Point in time; QNT; Quan; Quant; Quantitative; Random; SerP; SerPl; SerPlas; Serum; Serum or plasma; SR; Substance concentration",4180186.0
19039298.0,sevoflurane,4180186.0
3049273.0,"Arm; BMD; Bone Densiometry; Bone Density Scan; Den; Densiometry; DEX; DEXA; Dual Energy X Ray Absorptiometry; EXT; Films; Forearm; Imaging; Point in time; QNT; Quan; Quant; Quantitative; RADIOLOGY; Random; T-score; UE; Up; Upper extremity; View; Views for BMD; VWS",4180186.0
80180.0,"Degenerative arthropathy",4180186.0
195588.0,"Bladder infection",4180186.0
4163874.0,"History of myocardial infarction",4180186.0
40213251.0,varicella,4180186.0
3006734.0,"White Oak IgE Ab [Units/volume] in Serum",4180186.0
1518198.0,norelgestromin,4180186.0
4024958.0,"Throat culture (procedure)",4180186.0
4012477.0,"Glucose tolerance test",4180186.0
19133768.0,"Acetaminophen 750 MG / Hydrocodone Bitartrate 7.5 MG Oral Tablet",4180186.0
1759842.0,Clavulanate,4180186.0
3006923.0,"Alanine aminotransferase [Enzymatic activity/volume] in Serum or Plasma",4180186.0
19128022.0,"Ortho Tri-Cyclen 28 Day Pack",4180186.0
3023430.0,"ABS; Aby; Allergen; Allergens; ALLERGY TESTING; Antby; Anti; Antibodies; Antibody; Arbitrary concentration; Autoantibodies; Autoantibody; Cat epithelium; Cat hair; e1; Feline; Felis domesticus; Immune globulin E; Immunoglobulin E; Point in time; QNT; Quan; Quant; Quantitative; Random; Serum; SR",4180186.0
192671.0,"GI - Gastrointestinal haemorrhage",4180186.0
3020655.0,"ABS; Aby; Allergen; Allergens; ALLERGY TESTING; Antby; Anti; Antibodies; Antibody; Arbitrary concentration; Autoantibodies; Autoantibody; Honey bee; Honeybee; i001; i1; Immune globulin E; Immunoglobulin E; Point in time; QNT; Quan; Quant; Quantitative; Random; Serum; SR",4180186.0
4310024.0,"Gastric angiodysplasia",4180186.0
19078924.0,"Midazolam 1 MG/ML Injectable Solution",4180186.0
44782520.0,"Chronic spinal paralysis",4180186.0
4240902.0,"Allergy to peanuts",4180186.0
40224805.0,"1 ML medroxyprogesterone acetate 150 MG/ML Injection",4180186.0
40169281.0,"60 ACTUAT Fluticasone propionate 0.25 MG/ACTUAT / salmeterol 0.05 MG/ACTUAT Dry Powder Inhaler",4180186.0
43012433.0,"NuvaRing 0.12/0.015 MG per 24HR 21 Day Vaginal Ring",4180186.0
1500211.0,Medroxyprogesterone,4180186.0
443279.0,"Attempted suicide - cut/stab (event)",4180186.0
1718412.0,"Kyleena 0.000729 MG/HR Intrauterine System",4180186.0
4336464.0,"Coronary artery bypass grafting (procedure)",4180186.0
4102123.0,"Latex allergy (disorder)",4180186.0
4237458.0,"Fracture of clavicle (disorder)",4180186.0
4280726.0,"Seasonal allergic rhinitis (disorder)",4180186.0
4330583.0,"Male surgical sterilization procedure",4180186.0
3014576.0,"Chloride [Moles/volume] in Serum or Plasma",4180186.0
4242997.0,"Removal of gallbladder",4180186.0
3049273.0,"DXA Radius and Ulna [T-score] Bone density",4180186.0
80180.0,"Osteoarthritis (disorder)",4180186.0
195588.0,Cystitis,4180186.0
4163874.0,"Past history of myocardial infarction",4180186.0
40213251.0,"varicella virus vaccine",4180186.0
3006734.0,"White Oak IgE Qn",4180186.0
1519936.0,Etonogestrel,4180186.0
4151422.0,"Sputum examination",4180186.0
4012477.0,"GTT - Glucose tolerance test",4180186.0
19133768.0,"APAP 750 MG / hydrocodone bitartrate 7.5 MG Oral Tablet",4180186.0
1729720.0,"Penicillin V",4180186.0
3006923.0,"ALT SerPl-cCnc",4180186.0
19128263.0,"{7 (Ethinyl Estradiol 0.035 MG / norgestimate 0.18 MG Oral Tablet) / 7 (Ethinyl Estradiol 0.035 MG / norgestimate 0.215 MG Oral Tablet) / 7 (Ethinyl Estradiol 0.035 MG / norgestimate 0.25 MG Oral Tablet) / 7 (Inert Ingredients 1 MG Oral Tablet) } Pack [Trinessa 28 Day]",4180186.0
3023430.0,"Cat dander IgE Ab [Units/volume] in Serum",4180186.0
192671.0,"GIT - Gastrointestinal tract hemorrhage",4180186.0
3020655.0,"Honey bee IgE Ab [Units/volume] in Serum",4180186.0
4310024.0,"Gastric vascular dysplasia",4180186.0
19075601.0,"clopidogrel 75 MG (as clopidogrel bisulfate 97.875 MG) Oral Tablet",4180186.0
44782520.0,"Chronic paralysis due to lesion of spinal cord",4180186.0
3019550.0,"Chemistry; Level; Na; Na+; Pl; Plasma; Plsm; Point in time; QNT; Quan; Quant; Quantitative; Random; SerP; SerPl; SerPlas; Serum; Serum or plasma; SR; Substance concentration",4180186.0
40224805.0,"medroxyprogesterone acetate 150 MG per 1 ML Injection",4180186.0
40169281.0,"fluticasone propionate 0.25 MG / salmeterol 0.05 MG per ACTUAT Dry Powder Inhaler, 60 ACTUAT",4180186.0
42707627.0,"rocuronium bromide 100 MG per 10 ML Concentrate for Injectable Solution",4180186.0
